carrier,scheduled_flights,operated_flights,cancelled_flights,diverted_flights,eligible_arrivals,on_time_arrivals,missing_arrival_delay,missing_tail_operated,recorded_block_minutes,year,month
AA,83024,81421,1603,424,80997,56262,0,0,13085720.0,2025,8
AS,22976,22729,247,39,22690,16523,0,0,4738332.0,2025,8
B6,20204,20073,131,100,19973,15032,0,0,3753106.0,2025,8
DL,90313,89626,687,304,89322,74114,0,0,13705681.0,2025,8
F9,16697,16428,269,32,16396,11567,0,0,2567012.0,2025,8
G4,10499,10492,7,31,10461,7948,0,0,1447508.0,2025,8
HA,6946,6929,17,5,6924,5932,0,0,1013408.0,2025,8
MQ,26564,26166,398,100,26066,20545,0,0,2687753.0,2025,8
NK,17155,17062,93,63,16999,13185,0,0,2558456.0,2025,8
OH,20427,19897,530,48,19849,15093,0,0,2080991.0,2025,8
OO,74150,73395,755,287,73108,57890,0,0,7423926.0,2025,8
UA,68946,68157,789,272,67885,51917,0,0,12173131.0,2025,8
WN,114519,114084,435,405,113679,89309,0,0,14299876.0,2025,8
YX,29958,29436,522,52,29384,24496,0,0,3187032.0,2025,8
AA,77306,76373,933,251,76122,60180,0,0,12035105.0,2025,9
AS,20747,20615,132,48,20567,17198,0,0,4223926.0,2025,9
B6,16215,16121,94,42,16079,12732,0,0,2989721.0,2025,9
DL,84875,84790,85,160,84630,74149,0,0,12790159.0,2025,9
F9,14896,14845,51,25,14820,11800,0,0,2211612.0,2025,9
G4,6925,6924,1,10,6914,5737,0,0,936255.0,2025,9
HA,6428,6417,11,5,6412,5669,0,0,953338.0,2025,9
MQ,25170,24978,192,64,24914,20948,0,0,2576899.0,2025,9
NK,15058,14928,130,44,14884,12526,0,0,2254566.0,2025,9
OH,19218,19067,151,44,19023,15930,0,0,1978810.0,2025,9
OO,69406,69134,272,135,68999,58448,0,0,6903437.0,2025,9
UA,67550,67374,176,143,67231,55813,0,0,11622748.0,2025,9
WN,110361,110096,265,207,109889,91154,0,0,13749294.0,2025,9
YX,28284,27891,393,46,27844,23185,1,0,3087755.0,2025,9
AA,85483,84927,556,167,84760,65080,0,0,13501197.0,2025,10
AS,20637,20212,425,55,20157,16143,0,0,4155852.0,2025,10
B6,18401,18208,193,64,18144,13527,0,0,3415198.0,2025,10
DL,90097,89768,329,158,89610,75295,0,0,13598817.0,2025,10
F9,16935,16856,79,18,16838,13089,0,0,2511446.0,2025,10
G4,10470,10465,5,27,10438,8130,0,0,1465800.0,2025,10
HA,6616,6571,45,9,6562,5359,0,0,980889.0,2025,10
MQ,27348,27212,136,43,27169,22165,0,0,2828687.0,2025,10
NK,14128,13972,156,14,13958,11231,0,0,2162760.0,2025,10
OH,20423,20330,93,33,20297,16432,0,0,2127468.0,2025,10
OO,71927,71781,146,150,71631,59291,0,0,7199047.0,2025,10
UA,71415,71224,191,102,71122,57179,0,0,12446246.0,2025,10
WN,121588,121280,308,188,121092,93692,0,0,15256679.0,2025,10
YX,30376,29834,542,42,29792,22706,0,0,3404332.0,2025,10
AA,78826,77156,1670,156,77000,58931,0,0,12518533.0,2025,11
AS,19752,19494,258,72,19422,15769,0,0,4027772.0,2025,11
B6,19818,19231,587,54,19177,14400,0,0,3588748.0,2025,11
DL,84475,83036,1439,164,82872,68297,0,0,12863514.0,2025,11
F9,17047,16707,340,16,16691,12668,0,0,2523808.0,2025,11
G4,9652,9574,78,34,9540,7344,0,0,1374041.0,2025,11
HA,6426,6301,125,7,6294,5134,0,0,925234.0,2025,11
MQ,24683,23470,1213,50,23420,19241,0,0,2522147.0,2025,11
NK,11793,11523,270,10,11513,9048,0,0,1729828.0,2025,11
OH,19746,19026,720,55,18971,14243,0,0,2033469.0,2025,11
OO,68347,65383,2964,161,65222,53498,0,0,6712672.0,2025,11
UA,66691,65698,993,83,65615,52042,0,0,11710719.0,2025,11
WN,113938,111968,1970,151,111817,89280,0,0,14214615.0,2025,11
YX,29356,27788,1568,46,27742,21231,0,0,3191000.0,2025,11
AA,79859,79466,393,151,79315,58383,0,0,13185562.0,2025,12
AS,21102,20795,307,100,20695,14893,0,0,4424851.0,2025,12
B6,20560,19988,572,41,19947,12737,0,0,3840962.0,2025,12
DL,85139,82798,2341,180,82618,61528,0,0,13241469.0,2025,12
F9,16724,16260,464,29,16231,11137,0,0,2542932.0,2025,12
G4,11516,11424,92,52,11372,7849,0,0,1681218.0,2025,12
HA,6705,6659,46,12,6647,4786,0,0,983282.0,2025,12
MQ,25437,24993,444,62,24931,19083,0,0,2761271.0,2025,12
NK,11800,11360,440,16,11344,7523,0,0,1762539.0,2025,12
OH,20505,19796,709,39,19757,12721,0,0,2144683.0,2025,12
OO,68814,67487,1327,283,67204,49005,0,0,7198517.0,2025,12
UA,65865,65605,260,152,65453,50560,0,0,12035875.0,2025,12
WN,118075,117421,654,208,117213,88368,0,0,15015304.0,2025,12
YX,30203,29251,952,54,29197,20238,0,0,3463490.0,2025,12
AA,76772,69918,6854,178,69740,53023,0,0,11673485.0,2026,1
AS,26436,25903,533,104,25799,20370,0,0,4705488.0,2026,1
B6,18109,16908,1201,33,16875,11536,0,0,3300554.0,2026,1
DL,79198,76077,3121,138,75939,60939,0,0,12180340.0,2026,1
F9,15382,14835,547,18,14817,10672,0,0,2287610.0,2026,1
G4,8963,8745,218,29,8716,6620,0,0,1317225.0,2026,1
MQ,24155,22975,1180,49,22926,18295,0,0,2533286.0,2026,1
NK,11915,11058,857,11,11047,7940,0,0,1683457.0,2026,1
OH,19550,17283,2267,36,17247,13061,0,0,1850017.0,2026,1
OO,66168,63976,2192,268,63708,48996,0,0,6828511.0,2026,1
UA,63781,62266,1515,90,62176,51010,0,0,11207277.0,2026,1
WN,104002,101272,2730,152,101120,85711,0,0,12894492.0,2026,1
YX,29572,27152,2420,40,27112,21574,0,0,3209237.0,2026,1
AA,72786,71225,1561,162,71063,56047,0,0,11845718.0,2026,2
AS,24013,23729,284,51,23678,19621,0,0,4320750.0,2026,2
B6,17871,16494,1377,37,16457,11142,0,0,3199723.0,2026,2
DL,74200,72649,1551,122,72527,60397,0,0,11372159.0,2026,2
F9,15056,14842,214,16,14826,11627,0,0,2249778.0,2026,2
G4,9087,9025,62,25,9000,7019,0,0,1378949.0,2026,2
MQ,22728,22549,179,36,22513,18767,0,0,2446851.0,2026,2
NK,11512,10591,921,12,10579,7228,0,0,1623075.0,2026,2
OH,17664,16814,850,34,16780,12248,0,0,1812813.0,2026,2
OO,62073,61342,731,198,61144,47822,0,0,6460862.0,2026,2
UA,59806,58844,962,104,58740,49461,0,0,10435379.0,2026,2
WN,100783,99765,1018,187,99578,81389,0,0,12728144.0,2026,2
YX,27458,25563,1895,52,25511,20377,0,0,2993187.0,2026,2
AA,84647,82921,1726,371,82550,61647,0,0,13885579.0,2026,3
AS,27793,27274,519,114,27160,21220,0,0,5156255.0,2026,3
B6,21340,20908,432,83,20825,14578,0,0,4033730.0,2026,3
DL,86890,83798,3092,279,83519,66730,0,0,13214925.0,2026,3
F9,20119,19475,644,47,19428,13644,0,0,3036573.0,2026,3
G4,12522,12323,199,54,12269,8871,0,0,1855221.0,2026,3
MQ,26721,25906,815,114,25792,20660,0,0,2829034.0,2026,3
NK,12952,11607,1345,32,11575,6272,0,0,1795633.0,2026,3
OH,20938,19380,1558,101,19279,13739,0,0,2071049.0,2026,3
OO,73391,70765,2626,217,70548,54887,0,0,7428099.0,2026,3
UA,70757,69701,1056,283,69418,54932,0,0,12565400.0,2026,3
WN,122298,120387,1911,285,120102,89310,0,0,15419953.0,2026,3
YX,31734,29891,1843,100,29791,21735,0,0,3495112.0,2026,3
AA,84538,83785,753,251,83534,64942,0,0,13859607.0,2026,4
AS,27222,27106,116,45,27061,22778,0,0,5115178.0,2026,4
B6,20650,20629,21,57,20572,15607,0,0,3935923.0,2026,4
DL,87115,86385,730,165,86220,73271,0,0,13493265.0,2026,4
F9,18540,18295,245,27,18268,13561,0,0,2834046.0,2026,4
G4,10318,10304,14,16,10288,7799,0,0,1530196.0,2026,4
MQ,27127,26570,557,68,26502,21546,0,0,2875348.0,2026,4
NK,10469,10117,352,21,10096,6598,0,0,1536877.0,2026,4
OH,20547,20289,258,64,20225,15550,0,0,2195957.0,2026,4
OO,73115,71777,1338,188,71589,57137,0,0,7432128.0,2026,4
UA,69451,69076,375,171,68905,56890,0,0,12437971.0,2026,4
WN,117814,117504,310,174,117330,91072,0,0,14992758.0,2026,4
YX,31013,30680,333,64,30616,25038,0,0,3495807.0,2026,4
AA,88740,87416,1324,367,87049,66622,0,0,14473799.0,2026,5
AS,29184,28970,214,54,28916,24051,0,0,5533664.0,2026,5
B6,19806,19764,42,49,19715,16044,0,0,3708504.0,2026,5
DL,91955,90811,1144,236,90575,74476,0,0,14039105.0,2026,5
F9,18423,18328,95,39,18289,14021,0,0,2821485.0,2026,5
G4,10570,10554,16,21,10533,7683,0,0,1519932.0,2026,5
MQ,28806,28290,516,78,28212,23452,0,0,3007486.0,2026,5
NK,354,304,50,0,304,208,0,0,43397.0,2026,5
OH,20854,20452,402,69,20383,15631,0,0,2249118.0,2026,5
OO,75994,75347,647,203,75144,60219,0,0,7759026.0,2026,5
UA,74200,73914,286,216,73698,58965,0,0,13231159.0,2026,5
WN,120646,120172,474,320,119852,86726,0,0,15182986.0,2026,5
YX,32203,31758,445,82,31676,26737,0,0,3541912.0,2026,5
AA,86464,84183,2281,506,83677,58504,0,0,14175223.0,2026,6
AS,29891,29695,196,42,29653,23914,0,0,5721060.0,2026,6
B6,20804,20488,316,89,20399,15311,0,0,3831568.0,2026,6
DL,90247,89238,1009,272,88966,73203,0,0,13748369.0,2026,6
F9,19104,18722,382,60,18662,13309,0,0,2873922.0,2026,6
G4,12663,12594,69,43,12551,8634,0,0,1774046.0,2026,6
MQ,29207,28214,993,114,28100,22126,0,0,2951323.0,2026,6
OH,20871,19434,1437,88,19346,14005,0,0,2147835.0,2026,6
OO,73673,72638,1035,316,72322,56132,0,0,7559777.0,2026,6
UA,72791,72339,452,294,72045,53821,0,0,13148486.0,2026,6
WN,120933,120189,744,446,119743,79005,0,0,15284204.0,2026,6
YX,30929,29824,1105,93,29731,24194,0,0,3318199.0,2026,6
AA,89200,87154,2046,540,86614,57964,0,0,14623985.0,2026,7
AS,31682,31425,257,107,31318,24053,0,0,5999452.0,2026,7
B6,23312,21033,2279,151,20882,12994,0,0,3920779.0,2026,7
DL,94140,91879,2261,581,91298,67649,0,0,14152068.0,2026,7
F9,20482,19786,696,72,19714,12804,0,0,3063017.0,2026,7
G4,13314,13241,73,57,13184,9127,0,0,1863145.0,2026,7
MQ,29780,29339,441,69,29270,23773,0,0,3058747.0,2026,7
OH,21472,20055,1417,82,19973,12687,0,0,2233062.0,2026,7
OO,77072,75879,1193,323,75556,57498,0,0,7871421.0,2026,7
UA,74440,72985,1455,539,72446,53194,0,0,13248342.0,2026,7
WN,124994,123575,1419,711,122864,85002,0,0,15596167.0,2026,7
YX,32082,29089,2993,170,28919,21832,0,0,3252493.0,2026,7
