carrier,scheduled_flights,operated_flights,cancelled_flights,diverted_flights,eligible_arrivals,on_time_arrivals,missing_arrival_delay,missing_tail_operated,recorded_block_minutes,observed_aircraft,observed_tail_reporting_coverage,distinct_destinations,on_time_rate,cancellation_rate,arrival_delay_coverage,active_months,dea_eligible,dea_exclusion_reason
AA,987645,965945,21700,3524,962421,717585,0,0,158863513.0,1031,1.0,135,0.7456040547743659,0.021971457355628794,1.0,12,True,
AS,301435,297947,3488,831,297116,236533,0,0,58122580.0,370,1.0,91,0.7960964741043902,0.011571317199396221,1.0,12,True,
B6,237090,229845,7245,800,229045,165640,0,0,43518516.0,303,1.0,75,0.7231766683402825,0.030558015943312665,1.0,12,True,
DL,1038644,1020855,17789,2759,1018096,830048,0,0,158399871.0,1012,1.0,153,0.8152944319592651,0.017127138846418984,1.0,12,True,
F9,209405,205379,4026,399,204980,149899,0,0,31523241.0,189,1.0,93,0.7312859791199141,0.019225901960316132,1.0,12,True,
G4,126499,125665,834,399,125266,92761,0,0,18143536.0,137,1.0,131,0.7405121900595533,0.006592937493577024,1.0,12,True,
HA,33121,32877,244,38,32839,26880,0,0,4856151.0,65,1.0,21,0.8185389323670027,0.007366927327073458,1.0,5,False,fewer than 12 active reporting months
MQ,317726,310662,7064,847,309815,250601,0,0,33078832.0,187,1.0,179,0.8088730371350644,0.022232993207984237,1.0,12,True,
NK,117136,112522,4614,223,112299,81759,0,0,17150588.0,175,1.0,64,0.7280474447679854,0.039390110640622866,1.0,10,False,fewer than 12 active reporting months
OH,242215,231823,10392,693,231130,171340,0,0,24925272.0,151,1.0,117,0.7413144118028815,0.042904031542224885,1.0,12,True,
OO,854130,838904,15226,2729,836175,660823,0,0,86777423.0,560,1.0,275,0.7902927018865669,0.017826326203271164,1.0,12,True,
UA,825693,817183,8510,2449,814734,645784,0,0,146262733.0,1135,1.0,134,0.7926317055627972,0.010306494060140997,1.0,12,True,
WN,1389951,1377713,12238,3434,1374279,1050018,0,0,174634472.0,855,1.0,108,0.7640500946314395,0.008804626925697381,1.0,12,True,
YX,363168,348157,15011,841,347315,273343,1,0,39639556.0,222,1.0,96,0.787017548910931,0.04133348753194114,0.9999971207776204,12,True,
