carrier,scheduled_flights,operated_flights,cancelled_flights,diverted_flights,eligible_arrivals,on_time_arrivals,missing_arrival_delay,missing_tail_operated,recorded_block_minutes,observed_aircraft,observed_tail_reporting_coverage,distinct_destinations,on_time_rate,cancellation_rate,arrival_delay_coverage,active_months,dea_eligible,dea_exclusion_reason,efficiency,has_nonradial_slack,input_slacks,output_slacks,reference_peers,rank,frontier_status
MQ,317726,310662,7064,847,309815,250601,0,0,33078832.0,187,1.0,179,0.8088730371350644,0.0222329932079842,1.0,12,True,,1.0,False,observed_aircraft:0.00; distinct_destinations:0.00,operated_flights:0.00; on_time_arrivals:0.00,MQ (1.000),1,strongly_efficient
WN,1389951,1377713,12238,3434,1374279,1050018,0,0,174634472.0,855,1.0,108,0.7640500946314395,0.0088046269256973,1.0,12,True,,1.0,False,observed_aircraft:0.00; distinct_destinations:0.00,operated_flights:0.00; on_time_arrivals:0.00,WN (1.000),1,strongly_efficient
YX,363168,348157,15011,841,347315,273343,1,0,39639556.0,222,1.0,96,0.787017548910931,0.0413334875319411,0.9999971207776204,12,True,,0.9699954572428443,True,observed_aircraft:0.00; distinct_destinations:0.00,operated_flights:2793.14; on_time_arrivals:0.00,"MQ (0.424), WN (0.159)",3,below_frontier
OH,242215,231823,10392,693,231130,171340,0,0,24925272.0,151,1.0,117,0.7413144118028815,0.0429040315422248,1.0,12,True,,0.9302674996537661,True,observed_aircraft:0.00; distinct_destinations:0.00,operated_flights:0.00; on_time_arrivals:13452.10,"MQ (0.586), WN (0.036)",4,below_frontier
OO,854130,838904,15226,2729,836175,660823,0,0,86777423.0,560,1.0,275,0.7902927018865669,0.0178263262032711,1.0,12,True,,0.9238797160343544,True,observed_aircraft:0.00; distinct_destinations:0.00,operated_flights:6110.67; on_time_arrivals:0.00,"MQ (1.215), WN (0.339)",5,below_frontier
DL,1038644,1020855,17789,2759,1018096,830048,0,0,158399871.0,1012,1.0,153,0.8152944319592651,0.0171271388464189,1.0,12,True,,0.666051747111145,True,observed_aircraft:0.00; distinct_destinations:0.00,operated_flights:66280.71; on_time_arrivals:0.00,"WN (0.765), MQ (0.108)",6,below_frontier
F9,209405,205379,4026,399,204980,149899,0,0,31523241.0,189,1.0,93,0.7312859791199141,0.0192259019603161,1.0,12,True,,0.6653000991483289,True,observed_aircraft:0.00; distinct_destinations:0.00,operated_flights:0.00; on_time_arrivals:10723.57,"MQ (0.296), WN (0.082)",7,below_frontier
AA,987645,965945,21700,3524,962421,717585,0,0,158863513.0,1031,1.0,135,0.7456040547743659,0.0219714573556287,1.0,12,True,,0.5813346187098947,True,observed_aircraft:0.00; distinct_destinations:0.00,operated_flights:0.00; on_time_arrivals:18852.56,"WN (0.697), MQ (0.018)",8,below_frontier
G4,126499,125665,834,399,125266,92761,0,0,18143536.0,137,1.0,131,0.7405121900595533,0.006592937493577,1.0,12,True,,0.5521577665705893,True,observed_aircraft:0.00; distinct_destinations:0.00,operated_flights:0.00; on_time_arrivals:8602.27,"MQ (0.404), WN (0.000)",9,below_frontier
AS,301435,297947,3488,831,297116,236533,0,0,58122580.0,370,1.0,91,0.7960964741043902,0.0115713171993962,1.0,12,True,,0.5137986829986054,True,observed_aircraft:0.00; distinct_destinations:0.00,operated_flights:9748.19; on_time_arrivals:0.00,"WN (0.190), MQ (0.146)",10,below_frontier
UA,825693,817183,8510,2449,814734,645784,0,0,146262733.0,1135,1.0,134,0.7926317055627972,0.0103064940601409,1.0,12,True,,0.4956892423422043,True,observed_aircraft:36.76; distinct_destinations:0.00,operated_flights:30140.58; on_time_arrivals:0.00,WN (0.615),11,below_frontier
B6,237090,229845,7245,800,229045,165640,0,0,43518516.0,303,1.0,75,0.7231766683402825,0.0305580159433126,1.0,12,True,,0.46864175911721406,True,observed_aircraft:0.00; distinct_destinations:0.00,operated_flights:0.00; on_time_arrivals:11067.48,"WN (0.142), MQ (0.111)",12,below_frontier
