carrier,specification,efficiency,input_variables,output_variables
AA,block_hours_exposure,0.7543999240326461,"observed_aircraft,distinct_destinations",recorded_block_minutes
AS,block_hours_exposure,0.7690937801570827,"observed_aircraft,distinct_destinations",recorded_block_minutes
B6,block_hours_exposure,0.7031817456480591,"observed_aircraft,distinct_destinations",recorded_block_minutes
DL,block_hours_exposure,0.766320511848128,"observed_aircraft,distinct_destinations",recorded_block_minutes
F9,block_hours_exposure,0.8165921437157199,"observed_aircraft,distinct_destinations",recorded_block_minutes
G4,block_hours_exposure,0.64839178365839,"observed_aircraft,distinct_destinations",recorded_block_minutes
MQ,block_hours_exposure,0.8660534560518519,"observed_aircraft,distinct_destinations",recorded_block_minutes
OH,block_hours_exposure,0.8081632511192097,"observed_aircraft,distinct_destinations",recorded_block_minutes
OO,block_hours_exposure,0.7586734064677023,"observed_aircraft,distinct_destinations",recorded_block_minutes
UA,block_hours_exposure,0.6750293650286219,"observed_aircraft,distinct_destinations",recorded_block_minutes
WN,block_hours_exposure,1.0,"observed_aircraft,distinct_destinations",recorded_block_minutes
YX,block_hours_exposure,0.8742023027822798,"observed_aircraft,distinct_destinations",recorded_block_minutes
AA,baseline,0.5813346187098947,"observed_aircraft,distinct_destinations","operated_flights,on_time_arrivals"
AS,baseline,0.5137986829986054,"observed_aircraft,distinct_destinations","operated_flights,on_time_arrivals"
B6,baseline,0.46864175911721406,"observed_aircraft,distinct_destinations","operated_flights,on_time_arrivals"
DL,baseline,0.666051747111145,"observed_aircraft,distinct_destinations","operated_flights,on_time_arrivals"
F9,baseline,0.6653000991483289,"observed_aircraft,distinct_destinations","operated_flights,on_time_arrivals"
G4,baseline,0.5521577665705893,"observed_aircraft,distinct_destinations","operated_flights,on_time_arrivals"
MQ,baseline,1.0,"observed_aircraft,distinct_destinations","operated_flights,on_time_arrivals"
OH,baseline,0.9302674996537661,"observed_aircraft,distinct_destinations","operated_flights,on_time_arrivals"
OO,baseline,0.9238797160343544,"observed_aircraft,distinct_destinations","operated_flights,on_time_arrivals"
UA,baseline,0.4956892423422043,"observed_aircraft,distinct_destinations","operated_flights,on_time_arrivals"
WN,baseline,1.0,"observed_aircraft,distinct_destinations","operated_flights,on_time_arrivals"
YX,baseline,0.9699954572428443,"observed_aircraft,distinct_destinations","operated_flights,on_time_arrivals"
AA,volume_only,0.5813346187098947,"observed_aircraft,distinct_destinations",operated_flights
AS,volume_only,0.4975208696603775,"observed_aircraft,distinct_destinations",operated_flights
B6,volume_only,0.46864175911721406,"observed_aircraft,distinct_destinations",operated_flights
DL,volume_only,0.6254437714998256,"observed_aircraft,distinct_destinations",operated_flights
F9,volume_only,0.6653000991483289,"observed_aircraft,distinct_destinations",operated_flights
G4,volume_only,0.5521577665705893,"observed_aircraft,distinct_destinations",operated_flights
MQ,volume_only,0.9999999999999998,"observed_aircraft,distinct_destinations",operated_flights
OH,volume_only,0.9302674996537661,"observed_aircraft,distinct_destinations",operated_flights
OO,volume_only,0.9171987372751369,"observed_aircraft,distinct_destinations",operated_flights
UA,volume_only,0.47805682640551395,"observed_aircraft,distinct_destinations",operated_flights
WN,volume_only,1.0,"observed_aircraft,distinct_destinations",operated_flights
YX,volume_only,0.9622754637007188,"observed_aircraft,distinct_destinations",operated_flights
AA,network_as_output,0.5639585772158614,observed_aircraft,"operated_flights,distinct_destinations"
AS,network_as_output,0.48471980584791297,observed_aircraft,"operated_flights,distinct_destinations"
B6,network_as_output,0.45661051127419944,observed_aircraft,"operated_flights,distinct_destinations"
DL,network_as_output,0.607207350754196,observed_aircraft,"operated_flights,distinct_destinations"
F9,network_as_output,0.6541053532413917,observed_aircraft,"operated_flights,distinct_destinations"
G4,network_as_output,0.9989397708273865,observed_aircraft,"operated_flights,distinct_destinations"
MQ,network_as_output,1.0,observed_aircraft,"operated_flights,distinct_destinations"
OH,network_as_output,0.9241299534627634,observed_aircraft,"operated_flights,distinct_destinations"
OO,network_as_output,0.9017324754418445,observed_aircraft,"operated_flights,distinct_destinations"
UA,network_as_output,0.43338805234931455,observed_aircraft,"operated_flights,distinct_destinations"
WN,network_as_output,0.9699427794280925,observed_aircraft,"operated_flights,distinct_destinations"
YX,network_as_output,0.9440079021022294,observed_aircraft,"operated_flights,distinct_destinations"
